{
    "loss": 9.138993263244629,
    "accuracy": 0.3841666579246521
}