{
    "loss": 0.7616032958030701,
    "accuracy": 0.7008333206176758
}