{
    "loss": 1.4414507150650024,
    "accuracy": 0.7549999952316284
}